"","V1","V2"
"1",2.99327137056458,-0.0923077143434744
"2",5.32312152058301,0.879910571101215
"3",-0.299022587379718,-0.638066533668332
"4",-0.058056038292556,0.732559785581718
"5",3.29911375384794,0.252931409524478
"6",-4.16097799133972,-1.40787924326195
"7",-1.43399263841282,-1.09146588589645
"8",-1.49861252952384,0.867850204040024
"9",2.89754690117932,1.37300060240814
"10",-6.57122392739038,-3.36285345532983
"11",4.466555799693,1.23944949017307
"12",3.27080233169924,1.52021073968118
"13",-0.416780387584615,-1.02736186979539
"14",-0.258216750776974,-0.200469706182261
"15",2.69119739724675,-0.102454256635807
"16",-0.639693171543216,-0.102473685918348
"17",-1.54494584085188,0.539679098613533
"18",-0.387255591889337,-0.674743872553668
"19",-1.15645502192138,-0.602066624495677
"20",2.73558500267563,2.12559086824272
"21",3.30054222821263,-0.105744783315327
"22",2.66050137531076,0.599762587835377
"23",3.18420653728118,0.641968136229869
"24",-1.47216006076388,-0.195401779501173
"25",-2.58041612594013,0.11240754633843
"26",1.62244442437766,-0.074508890181496
"27",-2.58902210854136,-1.04369845917816
"28",-1.84888972002288,-2.23589093961364
"29",-0.0159499267897302,-1.88888467562837
"30",-1.45398453168769,-2.74173466553891
"31",-0.415441757654419,1.62607061357319
"32",-4.84344823114637,-1.94077334866431
"33",-1.2159012027811,0.522185618987476
"34",-3.59525632550159,-0.90715911682595
"35",4.19242254967601,0.22723450102308
"36",2.9365446052824,1.62019823805867
"37",3.1522669376361,-1.34771222747617
"38",4.28746894785306,1.10527862304216
"39",-2.87175205268955,-0.712970934013452
"40",-1.76623544338764,-0.556144514370263
"41",1.46981073463569,-0.880810866539379
"42",-1.35729889180859,-1.06305619854935
"43",4.01991425597788,0.469904058849788
"44",4.31312256164196,1.93202012800254
"45",2.60012540999769,1.99318025454784
"46",1.27844429855762,-0.325790408770275
"47",0.611847462961184,-0.425727276109761
"48",-1.47118139446771,0.406629416886752
"49",-1.43696646545674,0.724720327355441
"50",4.90120015670715,1.04035998018747
"51",4.80382533237053,2.60895550143682
"52",0.862332932056454,2.15454966893819
"53",4.62928770522858,2.35743581879401
"54",5.06996942108357,3.33253677900794
"55",2.03570343448885,2.20939917620701
"56",-2.03236723480553,-1.79245952943833
"57",-0.452120889287597,-2.55876482209426
"58",-3.94485130113318,-0.465027603989456
"59",0.978983687597433,-1.05715807843879
"60",-5.10118324082311,-0.454272932424363
"61",1.93402544316356,1.70266709997411
"62",-5.46858516444412,-1.24841658649313
"63",-4.93704765866313,-1.56800712860871
"64",5.33039372946486,0.937801541038145
"65",-4.84704542776082,-1.25445243327633
"66",0.816954111964213,-0.619975281567789
"67",-1.86108774765318,0.0388717131900967
"68",0.865606933019579,2.4709725693853
"69",0.680888985869046,0.320551053366603
"70",-3.98546830529062,-2.4003965440749
"71",-2.19893290557461,-1.78367912783432
"72",-0.0895711157533825,0.757773758802989
"73",2.42425283374613,-0.702920455879989
"74",3.19716433020417,3.16166768596969
"75",4.43250427181015,0.157978730688871
"76",-1.07827084092769,-0.701259964250767
"77",3.21284612746663,-0.253874403804028
"78",4.88864110331819,0.585429793260559
"79",-5.38021284911752,-1.26293895171696
"80",-2.59540120283797,0.444735852798752
"81",1.1728841182157,0.228762411330706
"82",0.688073803711984,-0.242748316824746
"83",5.31061856877847,2.35808866180348
"84",2.2940914376639,1.16702118292905
"85",-3.06931440080792,-0.940140610299437
"86",-1.54233953225831,0.718137659885551
"87",1.75126671072513,1.59423204558089
"88",-4.16125108256763,-0.834244291756138
"89",5.34526816611348,0.0118611150827583
"90",-2.45982393652558,0.256318614014904
"91",4.31114252761549,0.559923686233934
"92",-1.5468781571327,-0.937106448148532
"93",-0.125868288490054,1.2499609008011
"94",-0.801621649122958,-2.04667048173356
"95",4.1433502780924,3.10941581646183
"96",-0.301940701525584,-0.067101950071661
"97",1.25146930771544,-0.611207060141561
"98",-3.00831612967096,0.896686154925072
"99",1.12904107803263,0.093115632297916
"100",-4.33014851243029,-0.483653826581259
"101",3.32470398268903,0.937904353676797
"102",1.6710746462637,1.17270925517226
"103",-0.0584782514585311,2.85749925644176
"104",-0.210673567248215,-0.261452384018905
"105",-0.546199809443516,-1.00438600337717
"106",-1.16407880066233,-1.3905158632565
"107",0.224078129437688,-0.19880829896415
"108",-0.40238783897444,-2.42185312697164
"109",1.39649788204442,0.494927818154781
"110",0.689688198384001,0.607154942501199
"111",0.0862438416845703,-0.440923816186327
"112",1.96893062963732,1.05114468464287
"113",4.3713870387761,2.52015166970945
"114",-1.31979711050595,-0.378407883352646
"115",5.7090712818135,-0.888935896762637
"116",7.12563224296154,2.91621907318054
"117",-1.23193661383803,-0.0791933061890031
"118",-0.359886322403674,0.312318446119471
"119",1.07740508387528,0.0451734035785072
"120",-1.7414353641713,-1.09012057979827
"121",2.62857519832312,1.23670055840329
"122",2.74969156463443,1.87505300574639
"123",3.8389557282703,2.1304162303282
"124",-4.05320422374761,-0.486716511654838
"125",0.899081253091413,2.19015708265043
"126",-0.922010752020414,-0.33404144183302
"127",-0.591157509290792,-0.436691248355054
"128",1.65647017858793,-1.42749935319274
"129",1.20918337250523,1.15174099711048
"130",2.62519197742737,0.210041394449641
"131",-4.3613829124341,-1.21517409738038
"132",2.03963710709446,1.65509589321299
"133",-6.19062365774547,-2.39836666027908
"134",0.12089615425123,0.396540315672454
"135",-5.25246783726336,0.138869992116392
"136",-0.446251001925097,-0.877036934976794
"137",-6.04236138997382,-2.83200987786678
"138",-1.72589785076257,0.21449749742421
"139",1.35257059622591,-0.815725904017365
"140",3.73968373404929,-0.335982027911117
"141",-0.310071591322411,1.16116747563771
"142",-5.5708870115143,-1.93827094841765
"143",-0.714156282927671,-1.04339933094619
"144",3.95174808339709,0.0736949206007895
"145",0.494494028714108,1.14531692877081
"146",-0.956493106106928,-0.660663285195602
"147",1.56462885573365,-0.325381842317905
"148",1.92152629189961,0.999196436053868
"149",1.0730862161822,-0.438348002530046
"150",2.00847978104494,0.126170067744482
"151",0.823369184216684,0.469353068497482
"152",-3.17727734041846,-0.805449560889387
"153",2.66573732411158,1.1497619093742
"154",-1.21446358722783,0.0379970045099495
"155",0.313769867783319,-1.74317735797365
"156",-2.16398869505562,0.501656477469879
"157",-0.441193214073973,-0.0994644989996076
"158",1.28895357338902,1.56648513772461
"159",-0.864003776290224,0.380604232996642
"160",-0.177299854855011,-1.61905862498438
"161",3.37924070898256,1.86233122928997
"162",-2.58461285141839,-0.154753410267049
"163",-0.227939185215387,-1.75899935268497
"164",2.22951675958021,-0.693505685660903
"165",2.11580867726465,0.192040070429946
"166",-2.84002341173044,-1.05853499911081
"167",1.10342304156356,0.906479674203008
"168",1.55592664043899,-0.503516067969999
"169",0.473839068830794,0.17434238583024
"170",-1.3981366789048,-0.623894493616276
"171",0.587611978599552,-1.22843256117131
"172",-0.479824562168758,-0.637679394168055
"173",1.52556144964775,1.82723124664446
"174",-0.526091512651523,-0.225866020478637
"175",4.52531287000072,2.66073818772567
"176",-3.12887904956642,0.269519643277751
"177",2.42561224377015,0.22798253003651
"178",0.66980976035502,-0.230183877028899
"179",-2.7847676405828,-0.0818288743324043
"180",-2.71199343426101,-0.868161956213417
"181",-5.800536811252,-1.2812966699522
"182",3.91692644058382,2.189096726128
"183",1.80521103894378,-0.546849568876748
"184",-5.47294906373747,-2.97303524398845
"185",-1.0734283669299,-0.263896117549672
"186",-4.41960837676651,-0.204990185131172
"187",1.36883633811791,0.794745168102068
"188",3.25114869087122,2.02548546283336
"189",-3.8150859505589,0.992636101027068
"190",-2.68536343336666,-0.170867500668416
"191",2.58702125492431,0.86163764367451
"192",-3.85395192148464,-0.567429007829358
"193",0.26654015346914,-2.07489104234135
"194",2.90141829872882,0.888177373246593
"195",-2.25645994202729,-1.24361908322456
"196",2.18310174329226,0.539171909979521
"197",-3.98395351258932,-0.310513459466457
"198",-1.91616236976658,-0.870940446931501
"199",1.80744044872811,-0.566891995957905
"200",-1.83584280022523,-1.22500600180073
"201",2.16372648484255,0.420060775602462
"202",-7.49896052952483,-1.63047923873975
"203",1.44694445120946,-0.687685973982418
"204",0.63414878073551,1.01274011136233
"205",-4.43140943762119,-1.21549652612283
"206",-3.96007827427052,-0.366429118334537
"207",2.46463946627835,-2.43894535980009
"208",-2.94920770196541,-0.75950985410913
"209",0.249702648824828,-0.757875503132597
"210",0.418311227866859,-0.551852647999211
"211",-2.56933492420125,0.426120063678808
"212",0.102610836456688,0.745397845769298
"213",2.92131835004278,-0.47235952318412
"214",0.668381853100076,-0.568618877349301
"215",-0.350142230078032,1.30452655612231
"216",3.15093483812917,1.67094440654822
"217",-0.958581478359812,-0.0428437168175054
"218",0.133246248569114,1.18665355147479
"219",1.66307975082739,-0.581960437711828
"220",-3.27171228344033,-0.758919004211514
"221",2.02104577656291,0.919141122283969
"222",3.81089027447451,0.666243997234134
"223",-1.39121958244765,-0.0572671602317443
"224",-4.40008386091157,-2.27892471063394
"225",1.71755377451695,2.15219765665384
"226",3.01808957451449,1.23681175796578
"227",-0.309444014446473,0.318131559305604
"228",0.317414233617977,-0.594047749729748
"229",-0.287411846676408,-0.24089569508154
"230",-2.27913142013775,-1.30506990996962
"231",0.0508330851155157,-0.575705786826988
"232",-5.22824145582336,-0.747386485352233
"233",0.799486645274095,0.237091425333745
"234",-0.243092952186312,0.946016313954209
"235",-5.08873968159355,-1.66268309214218
"236",4.01764068802,1.91905911318303
"237",3.50711472425225,1.92406869046647
"238",-1.66947366895568,1.84009981997847
"239",2.69843158044451,0.0925998384370338
"240",2.66738135234827,-0.863758476796017
"241",2.56396124327065,-0.554020213606284
"242",-2.16303109051184,0.733468021761819
"243",-1.02564629812803,-0.27902310177781
"244",-1.37222251146489,-2.30607957602979
"245",3.1702460143494,-0.262522692840271
"246",4.48220822747832,1.85651895781634
"247",-2.50994209782873,-0.748407664043391
"248",2.21009711363662,0.730214107922712
"249",1.69283707279951,0.839789065323689
"250",-1.07568650913008,-1.77640609969376
"251",2.32300454384882,1.62466998362857
"252",0.746386802401915,-1.40185528664109
"253",-0.74764578858724,-1.28158728396347
"254",-2.79090093119832,-1.72879938524985
"255",-1.62601102545507,-1.27737271657474
"256",-7.03131668840913,-1.54965582994594
"257",2.64158241630703,1.59565761527664
"258",1.20145533006883,0.909669919595155
"259",0.430444751879334,0.353952268809861
"260",-1.53213549091317,-0.500184777524835
"261",-6.58805011075437,-0.809715704700421
"262",-0.302128302154777,1.25355705324641
"263",-4.06446212042711,-0.173328144642563
"264",-1.57082017350217,1.20547773751793
"265",2.07983527302813,0.127366777672014
"266",-1.17506068847612,-2.14602773756892
"267",-2.70741423188869,0.000400694445162886
"268",3.54706454122353,-0.171491897460114
"269",2.19719035851503,1.50640244779475
"270",6.56103299535999,3.15652430958734
"271",-3.61700531175481,-2.17966971138008
"272",-0.249917789330567,-2.42236221106737
"273",0.326819821294902,-1.32222570888157
"274",2.9535909852319,-0.526563090611239
"275",-2.10345348433336,0.470489592672816
"276",-0.0907445320780038,0.585415586017087
"277",-5.10052717040143,-2.90105115429473
"278",-1.2920938223369,0.235451752654102
"279",-1.97830582053336,-0.891296367011024
"280",-4.18793852439111,0.174700909784184
"281",2.09520432433539,0.352342731952325
"282",2.20369720257425,2.66281248433499
"283",0.454669153257668,1.00047332784289
"284",-1.05254541899782,-0.321635822510776
"285",-5.31639159833578,-2.51240217625512
"286",-2.78825536823963,-0.457035980455477
"287",2.49644528853483,1.18208087489313
"288",-0.259852318899414,1.01034070821056
"289",5.24313819540278,0.960969845743151
"290",4.35997247944372,0.874589104606867
"291",3.94362048311189,1.28868309802959
"292",-0.837617363732972,-1.44900535927399
"293",-1.42234582642918,-1.03562050826666
"294",-0.47748800850372,-1.47318202617917
"295",0.408586414965064,-0.700153424722547
"296",-3.01438328038307,-0.349586898067395
"297",-3.1193107391027,-2.73315674309642
"298",-0.646863391600717,-0.486394422151382
"299",-3.80606593641561,-1.9800653312894
"300",5.09860485606898,-0.226628419543635
"301",-2.748600762084,-2.12054822863074
"302",4.74903598573963,0.890321751088478
"303",-3.5408606500218,-1.06748619479054
"304",-3.29735581438051,-0.898643984714185
"305",1.08497792530182,0.847572544990628
"306",0.909254391970429,1.25848019729118
"307",4.40779243038229,1.26096838519818
"308",4.6508429750586,1.88750058673668
"309",0.729595161722957,0.19572996010359
"310",1.70331706246444,1.07794545464419
"311",-2.47316551947147,-2.57615432781548
"312",1.72215049445668,-2.45099485039235
"313",3.11626591881504,0.722609768351384
"314",-0.871614047675265,-1.93573557675366
"315",4.18385441542021,1.27502621483262
"316",4.26529321903122,0.519234914039537
"317",1.0717835379052,-2.63421172289223
"318",1.26805070950226,-0.0958181944787091
"319",-0.314503809076654,-0.126023442039998
"320",-3.03847055112776,-3.14123738778456
"321",-5.10027062740425,-3.89461110106308
"322",1.1750190261678,-0.562074766982851
"323",0.325861654054185,-0.187172331974349
"324",-3.25370720891625,-1.12669738295606
"325",-2.64578316053537,-0.640917630080694
"326",-1.29494253022119,-0.241615604196794
"327",-0.417946573420597,1.04674367572925
"328",-2.43905773445288,0.0793698857159862
"329",4.95337790135174,2.32565580620557
"330",-1.93891344399269,-0.481458063315224
"331",1.03674980955921,1.20045715751265
"332",-3.49291815899331,0.944937392207095
"333",-1.77030381507959,-0.648781199103331
"334",-2.01224330744345,-2.23459717409103
"335",3.46947385656514,1.30105771559951
"336",-1.84863992255282,-1.29262066268069
"337",2.2921427214726,1.41359290072606
"338",2.72462274732883,0.271302783591934
"339",4.25729871805887,0.820199979289922
"340",7.79310127008068,1.92723876330592
"341",0.585366957293119,1.1087531831946
"342",3.68313080961339,1.14365931705238
"343",1.54701367129245,0.156554044786138
"344",-0.465921758625786,-1.21212439959747
"345",-2.89829213060055,-0.234965930710372
"346",-0.519950040163772,-1.55199819318197
"347",-3.71099477962877,-0.362555833993335
"348",-1.64763189526367,-2.17380784344492
"349",3.4231961414627,-0.572279250391341
"350",0.100830125990027,1.32316158006811
"351",-2.02506274272213,0.758726670730477
"352",-1.20904789436868,-1.55108196213326
"353",2.01704307441576,0.71916823593774
"354",0.0929970811059571,-0.816859664337098
"355",4.92075874659897,0.368202824228923
"356",-0.208797410588101,-1.87751111180841
"357",-1.73835577019021,1.99302371660001
"358",1.84598353994908,1.73120011634338
"359",0.755145800852886,0.966635063134358
"360",0.121352812469216,-0.566631516216326
"361",2.09034392482847,1.86899351779465
"362",2.66072121632777,2.43995288795734
"363",-1.62053357023797,1.10852261555309
"364",3.91376616572877,0.302854034163778
"365",1.52795586336595,0.0514477283271186
"366",-3.38259699847249,-1.12628398873234
"367",-8.14499994183409,-3.35622263767908
"368",-4.5779012819352,-1.34347920244074
"369",1.34804464283041,-1.39669910444904
"370",-1.84519999926093,0.56580613422178
"371",-1.45735602100202,-0.973794210960975
"372",2.49195488921029,1.43663072964809
"373",-5.72165960320673,-3.11837154145633
"374",0.310366464992083,1.06912449401092
"375",-0.946741479943685,-0.882758884914427
"376",0.204015471179646,0.608436507957391
"377",1.56243467497992,0.188897708585962
"378",2.76953465736616,1.6221718522638
"379",-1.41504474808965,-0.112464558897568
"380",-0.799395025159141,-0.864421977673469
"381",-4.48303823508326,-1.2338713254723
"382",-5.43577363850646,-1.17812591301706
"383",1.79063195828509,0.209255769277935
"384",3.3073615861596,1.24330300695316
"385",-2.40180568754245,-2.6548065161501
"386",0.741386990821431,0.845903920682257
"387",12.248486977881,3.02970399066215
"388",-2.52439873506939,0.351665642813487
"389",-4.38161299044424,-1.82775108720013
"390",-3.15421846022903,-1.87528227354455
"391",4.76366630458732,2.62526661644417
"392",1.73060890331447,0.782942321914499
"393",1.33331410177226,1.13230804160999
"394",2.37303551196323,3.23518066546213
"395",-0.997838926397859,-1.27471316436409
"396",1.18752998565817,0.903504021199269
"397",-0.767752919154914,0.813375664389509
"398",1.44235274938345,0.182197723249445
"399",-4.82175594212798,-3.23066715949879
"400",3.47864010056784,1.56364295826162
"401",0.457809267531063,-0.207243604481557
"402",-1.44536027084722,-0.406365725665332
"403",0.859310283127562,0.0287792779476681
"404",2.71130178136318,1.82133976949933
"405",2.35614107744002,1.43234942187171
"406",-3.04260540817309,-0.278830032853828
"407",0.0598234417787945,0.172354878482652
"408",8.98143141347989,2.62874424707222
"409",2.34846817204407,0.61959205350538
"410",3.95925869464689,2.3099941447991
"411",-1.22441295531797,-0.821733509823281
"412",-4.17379258600219,1.44668771060725
"413",0.555494917382296,-1.48651456871563
"414",0.900306288696061,-0.751936424694625
"415",2.33495985773549,-0.495354407002158
"416",0.621496633713598,0.0843568972971036
"417",-1.41461133721351,0.29954139873521
"418",3.60438179534191,0.819844468447708
"419",0.129793671720212,0.117365461617724
"420",2.27030929281915,1.43379713879338
"421",-1.23695238360285,0.220061943822507
"422",4.02632738725925,1.69385988110659
"423",1.60585746578486,2.74409312625877
"424",-0.72620836413646,0.725157253545801
"425",0.142488614498187,-0.212706470253582
"426",2.60796016834915,1.43964513111525
"427",-4.35636687227396,-0.8435398633125
"428",0.823009227675094,-0.953627256768462
"429",-0.657153265861356,-0.576992989402081
"430",1.79651146100023,1.87681128247484
"431",-2.68642689225411,0.833252754067463
"432",-2.30196602505995,-0.0296863865047109
"433",-1.76524643188852,-0.363917769850903
"434",-1.0870436549807,-0.0339799327138243
"435",0.997499314183279,2.06362029594116
"436",-0.0223610801154848,-0.445194087774733
"437",-3.78132347975287,-1.23504803114343
"438",-2.43603276382344,1.16320503061273
"439",1.17874136291606,1.18087207142624
"440",-4.27948028065597,-2.29942374899327
"441",0.0116225024410032,-2.28131962398059
"442",-2.95620910446921,-1.26344877464258
"443",-3.55207638776408,0.0897754747072466
"444",-1.30038032148825,0.683962082971904
"445",2.48318521615162,-0.603051198546277
"446",5.72051794132217,1.20455654033053
"447",0.29589739130249,-0.432895638358377
"448",2.26557438069875,-0.405368382388068
"449",6.11001378201207,2.63331130742968
"450",2.2885424277807,-0.96262731099421
"451",-0.0386580771718475,-0.0171632121828441
"452",-2.82400202240368,-1.23577715364763
"453",0.193005821647379,-0.327294928882875
"454",-0.471341191504331,1.4723216291142
"455",-0.517344107813767,-0.317435226036318
"456",-0.321616089773386,-0.908337742143568
"457",1.07191619429886,-0.0367051407450621
"458",-9.24701890149375,-0.602954517660341
"459",0.476815435356064,-0.366573484570395
"460",0.73488361567066,-0.0926279610654038
"461",-0.00372767479948914,-0.362049248141703
"462",-5.85511225864659,-3.3524175287762
"463",2.78353133219031,1.14800927728728
"464",-0.117660815991538,0.643355313154428
"465",2.28089669974511,0.685916768104942
"466",-2.9399603908239,-0.963546063690166
"467",2.85732766549108,1.2436277041609
"468",2.2752779368503,0.928162287694702
"469",5.05143752438625,2.15696966614947
"470",-0.393497404776695,0.925202425185515
"471",1.57266866885226,0.342944446837373
"472",-0.862522636898355,0.819434243968257
"473",-1.62613594236222,1.40282130370485
"474",2.545844622415,0.949445121437871
"475",0.0644078657174803,0.909946471914307
"476",1.3387272997605,-0.539348667606589
"477",3.17760993219338,2.12892262562365
"478",4.37529375890726,1.55028104782184
"479",1.99117313253589,3.00060298528946
"480",0.0996809856056502,1.92031321992148
"481",3.51531553665885,0.746712641195851
"482",-0.644851686559728,-0.481925663734445
"483",-0.700959074341957,-0.818274792820721
"484",-1.89987683223948,-0.633988539869603
"485",6.68921041918526,2.47435174749068
"486",3.17000658953517,0.426856521054745
"487",2.82263975385667,-0.38826485654859
"488",0.975971716645527,-0.797366848860322
"489",-6.06978982237257,-0.876143174440942
"490",-1.8262873678916,-1.14643471781788
"491",2.03199886778915,1.15833100931211
"492",3.40743867405733,2.45014345650485
"493",3.02399240688201,-0.789543532813002
"494",-0.664615402603897,0.374268086274877
"495",0.139461911593898,0.172077305451098
"496",4.26891134148188,2.11975295899405
"497",1.67190991692193,0.0552642457296381
"498",-1.39198274298684,-1.51246984509769
"499",1.0999124602679,2.5441540541804
"500",-1.43103561731564,1.01498153632195
"501",-2.29514616905677,0.932280878091243
"502",-2.90437948913683,-0.521300304875776
"503",2.78482382293024,1.33271984604598
"504",3.76228991089736,0.652200415077815
"505",6.82897737431185,0.954907948762413
"506",-0.213178721997476,-0.515596256844865
"507",-2.05183161385816,1.00108638170996
"508",-1.07433121378503,-0.162315610023552
"509",2.10660757854384,1.46317133546127
"510",3.56547185120053,0.950692462590942
"511",-2.18583542947925,-1.73358997402054
"512",3.31856216057373,0.68205960884442
"513",3.19389955300183,1.92196956565294
"514",2.81446128712491,0.796920278498144
"515",1.37349478445191,1.64586433551963
"516",1.84613335291138,0.857691802871856
"517",-4.92199733657633,-0.843418634854145
"518",0.383913917911889,-1.69236996601028
"519",-7.75072539843054,-4.50544478913736
"520",1.57070409252153,-0.659253571064212
"521",0.267641649420807,-0.274973154761812
"522",-3.5112684518287,0.303077502576397
"523",-0.520416779292326,0.568052414034188
"524",-0.779512637397725,1.16947220418392
"525",-1.70170311069496,1.53036023319408
"526",-3.07091420319591,-1.30105673756197
"527",-0.150644584493462,1.68492152982409
"528",0.635930903953439,-0.56436458187165
"529",2.51209113168267,2.44270896398923
"530",6.16727228399345,-0.707394396731073
"531",-3.82624423635731,-1.4888139493204
"532",0.266115404413222,0.243372922490233
"533",-0.129215573405341,0.981597361222005
"534",-2.53556169873477,-0.0515133427078596
"535",3.91036608761876,2.87088781081752
"536",3.89228034322585,0.774067348323664
"537",3.31535837168001,1.42446174695522
"538",-2.16430639117311,-0.737258466742943
"539",-3.33522093643416,-1.82587212325675
"540",1.97497622227632,1.55423543055921
"541",-0.656883860966993,-2.00337633569367
"542",-0.760659442748484,-2.19334135962773
"543",-0.0550049040118162,-0.0442658123692088
"544",-0.430920226319089,-2.23197814720224
"545",-1.57736767247291,0.128341879921215
"546",2.02601528408616,1.91320939405503
"547",2.7167072972031,0.212810274798072
"548",-1.43908343696111,0.138442599064056
"549",2.0018263299673,0.337786885473497
"550",4.54984837400551,0.883184863334976
"551",0.389590916785332,-0.409134269609155
"552",-4.07436388038516,-2.69762901017642
"553",-4.5025619272822,-0.0927767357590676
"554",2.92861897035503,0.260281611841173
"555",0.39557292276582,-1.31782779051518
"556",7.78744683573129,2.13402573631732
"557",-0.589672511490211,-0.540870763665093
"558",-3.65146745069098,-0.786754211037906
"559",-4.69152800599081,-2.25358526868255
"560",2.3750488261714,1.52012713338887
"561",4.8465696714646,0.382397580223737
"562",1.26073753229291,0.997936126095199
"563",3.14097149301271,1.77001282989936
"564",0.893912303007913,-0.516746580446092
"565",1.4051921359739,1.5345067417293
"566",-3.14142373698642,-0.997560236699615
"567",-6.90939227006308,-1.34460401322945
"568",2.03299366053217,1.59618726408555
"569",1.44036060245601,-0.730294042219916
"570",3.68853125316348,0.314549728816898
"571",2.57804999553352,2.35755136156818
"572",5.08041826668873,2.45775426756146
"573",5.46656105840991,1.25029745215367
"574",0.431568587694187,-0.252297679127904
"575",-0.719538780693111,-1.21611467497912
"576",-4.33081560295786,-0.430687886000718
"577",-0.933413587083978,-1.25435583894121
"578",-0.844038599705415,-1.23114740367909
"579",0.464100455570621,0.300936609048546
"580",3.10474219743216,0.802014472207267
"581",2.44372409329918,-0.146506928337093
"582",1.26852089969198,1.0481297531318
"583",1.61341628673445,2.24488857476475
"584",-3.2663816187185,-2.4247266075255
"585",-1.6362010114458,-1.6396484687727
"586",0.946308719292647,0.130281447320396
"587",2.06652594395723,1.06220084790213
"588",3.84019808009328,0.014449434807589
"589",2.00936515211969,1.11133883533739
"590",0.799224269909785,1.70307552007726
"591",3.53340634542777,1.59639931910309
"592",2.37215404209619,0.931756238305002
"593",2.17800607746104,0.0358852456870918
"594",3.12005670042921,0.395584968421952
"595",0.826709077012535,0.495660850997355
"596",-4.38755057459666,1.1110084965937
"597",1.89680108659996,-0.311652429361714
"598",-0.0722171095638001,-1.23713728079141
"599",-1.70252042090574,-1.34688731329573
"600",0.741995151407711,-0.0273447095827742
"601",-1.65308588077987,-0.0585604286259566
"602",-2.1443678090111,1.65527983386746
"603",-4.66728945596862,0.458049116471646
"604",4.64894665131969,3.04992770315753
"605",2.33321589743756,1.07454348761751
"606",-2.52824938073118,-0.268443426706064
"607",-3.15316174439386,-0.119523889439398
"608",-1.49939364962903,-1.95973866687118
"609",4.24018911113107,0.835092529662743
"610",-4.64564342151119,-1.20044454551908
"611",2.40253832296429,-1.67047817554318
"612",-1.46010113519832,0.0568462461105402
"613",1.33248902451476,1.0233788147599
"614",0.871237140957072,-0.473727815240367
"615",4.20824049310612,1.65457795937807
"616",-1.58491926474013,-1.26574405545584
"617",2.98660430007109,2.06370646691062
"618",-3.84995524950284,-0.460810114169493
"619",5.41698204719259,2.10365361436454
"620",0.704791552796755,0.741544395859661
"621",-7.11959290581448,-1.66635132050114
"622",-6.77171885069481,-2.79356799924398
"623",0.435473722210814,0.0843230616230321
"624",-5.2782450702474,-2.09757936397121
"625",2.49257507452779,0.145403811789957
"626",2.30915637525904,2.64814834465051
"627",5.23904347002106,1.81502544518265
"628",3.33207038182769,-0.0877258053189881
"629",-1.16353276443392,-1.26080914656609
"630",2.06968551633865,-0.484444379512323
"631",2.13032359818797,-0.725920443344378
"632",-0.0360717021157483,-2.84103269903039
"633",-5.7696431965516,-2.01298606042346
"634",-1.5278288839274,-1.47558329544773
"635",2.40087610862489,1.06199575424264
"636",3.90925261677909,1.00594805238392
"637",5.73587234864251,1.53202216669483
"638",2.04962661468266,0.110841572169136
"639",1.60449540268046,0.55369394345349
"640",-0.853204146073316,0.902967295906914
"641",2.12906998167217,1.9492185993114
"642",0.651729153786623,0.925036436128772
"643",-3.19295526432537,-1.67372482486549
"644",-1.59312324861382,1.571116276723
"645",-4.61206493376043,-1.17504705191133
"646",2.58334246503825,1.18679242125385
"647",-2.06212532433589,-2.17517188775189
"648",-4.51718539695273,-0.751869186327352
"649",-3.1597405748929,-1.52076125657383
"650",5.05626900292644,1.84392890684618
"651",-3.49426455567003,-0.428870435404282
"652",-2.11910918806816,0.299371153314971
"653",-3.01955918762067,0.694088540393269
"654",0.885760022949676,0.692398092978918
"655",-0.893700742555056,-1.39512640965528
"656",3.5890067752403,0.0578114592512091
"657",-4.46026069746648,-0.546214721674032
"658",0.346886188826905,-0.0640929285027767
"659",-1.60675112247716,-0.260606514763414
"660",-6.82143570080877,-1.29114353051944
"661",-1.18302492753807,1.38698796468978
"662",2.93197249996279,0.991037759239808
"663",0.0563065219530866,0.602824880848827
"664",-2.40695915411913,-2.05914476746832
"665",0.65917243949188,0.412902417708044
"666",2.53706692086337,1.37852727260506
"667",1.52110678694071,0.118726583786435
"668",-0.273989819617784,0.0222743756746892
"669",-2.65881055696135,-0.524707073778449
"670",-4.17152333245371,-1.67730372987557
"671",-2.83552384859797,-1.74764051938659
"672",0.444235464939353,-0.820771181300471
"673",-0.679973243758678,-1.61646375287523
"674",-0.727840937245445,-1.27059674679944
"675",5.30651189635899,1.99557548234994
"676",-1.28708092188595,0.799089063182273
"677",-0.125345297093939,1.29357670530616
"678",0.463758181822949,1.07987634592582
"679",4.75206354548865,2.33367256095446
"680",-6.06428200879442,-0.308092807046773
"681",1.37471190223585,-0.42785961850056
"682",-1.06644987882212,1.03642387580726
"683",-1.95812923643688,-0.179716540903027
"684",-1.60098638305245,0.171333509288571
"685",1.39991865113152,-0.0563385471891094
"686",3.96188338886832,2.31617094847677
"687",1.91156132935309,-0.150781027196648
"688",1.62761094622347,2.06890325420912
"689",2.80277880826988,2.21454782819979
"690",-0.359817507790495,0.176358646760581
"691",2.1280731981085,1.61815492985488
"692",7.8895986728546,4.03120312159859
"693",-7.50462002668287,-0.916312492049762
"694",-0.425331103618999,0.718569720571469
"695",-3.8628627798964,0.468907578330626
"696",1.52413013124307,0.397828428357563
"697",2.70467009510879,0.742390771077784
"698",-0.1807976376198,-1.75487807165829
"699",-2.2400519023717,-0.116781585520992
"700",1.88313729623333,-0.460840412880609
"701",4.28630793736662,-0.551867869370436
"702",-2.06961881557653,0.695341894099624
"703",3.01152707427411,0.300855938565444
"704",1.44808684738669,0.358231194565415
"705",-1.19642178812207,-1.49352319925547
"706",4.18317158656087,0.901130938701048
"707",3.63620513664406,0.111422829044709
"708",4.51958781474842,1.02240723735491
"709",-2.21554209992652,-0.243663197878865
"710",-0.467142188824487,0.482038405690907
"711",3.98168959630637,2.45895540054582
"712",0.822857176770795,0.588232536713915
"713",-0.75972550829019,0.537009621400052
"714",-0.762054888230886,-1.34575670237727
"715",-3.43895818447427,-1.05227595870643
"716",0.842008709203564,1.13367335415135
"717",4.07686001691895,2.65197888433657
"718",-0.949232836796534,-0.684406383716553
"719",-2.05569100809184,-0.406654730682556
"720",2.82031135141159,2.20330581515864
"721",4.50031305311847,1.15436704096827
"722",-0.396145533727711,-0.849319594893455
"723",-1.59403752779676,-0.762971437144445
"724",2.13159687285982,-1.22082725802577
"725",-5.90540145540456,-0.475237502047305
"726",1.11905661550833,0.384267757282218
"727",4.87994003031244,2.0877471618025
"728",-1.30573547167786,-0.875990752269095
"729",-4.16297999338201,-0.956288275616845
"730",1.87311542170564,2.60564733182982
"731",-3.53176021419942,-0.917752212915452
"732",-6.08925466946735,-1.76110185240276
"733",5.58381747854432,1.41097329652924
"734",-5.90394341285233,-2.47925571898818
"735",-5.06908789998198,-0.0434638151208104
"736",0.286494802806954,1.96191183850464
"737",2.46441110796581,-0.41246690062458
"738",2.90003344601186,-0.130845650983171
"739",5.4171684821303,2.21994793873476
"740",-5.91458365981442,-1.02721336771672
"741",1.72198942987474,1.53995485483863
"742",-2.10071305783694,-0.592388667344671
"743",1.85650617147682,-1.36088086250019
"744",-3.4073856186435,-0.230684754442858
"745",0.235441503401592,0.573010053690479
"746",-3.38630139935624,-2.77814157729428
"747",-1.18358566397946,-0.471447673996489
"748",3.25330686406251,-0.436219345435859
"749",1.09673744365258,1.46434437706761
"750",2.09519652328959,1.30569817584706
"751",1.99194924508724,-0.403851418185101
"752",-1.38395270443363,-1.09259500109669
"753",-0.0510095698879582,-0.303620685686658
"754",1.37378870539023,-1.69132090157543
"755",1.13091912505582,0.0576010084867757
"756",-0.323240615687921,-0.657885867664235
"757",-2.57635547030825,-1.30005373563623
"758",1.93276270005624,2.65934058910805
"759",-4.80222387006588,-3.46894808241758
"760",-5.61717108788,-2.31318689164025
"761",-2.13496800115359,0.261011916073651
"762",3.78204814619111,2.97469313179351
"763",3.360876673624,0.3120949558627
"764",-1.63008196754131,-0.606894627250761
"765",-4.53948296195376,-0.899803108642648
"766",-2.48918040479497,-0.570109375822296
"767",-5.29310255549626,-3.18801207237073
"768",1.4514763951736,1.3702717798448
"769",-1.62130201282183,-0.262700370883479
"770",-0.676418060228443,0.69555249562434
"771",0.0206013750525968,0.713794104570482
"772",-0.663892158521202,-0.471819950055411
"773",0.579288535396005,-1.69735616759439
"774",-0.435533021633021,2.17225350385196
"775",-2.5996637112168,-1.70234918543547
"776",-1.26545761079631,1.91357520193277
"777",-5.51862933080087,-1.63252101503368
"778",2.07789372005204,0.988344597162487
"779",1.30696742641677,-0.718505116436552
"780",-2.24521649734593,0.119026417835522
"781",-0.759788428839319,0.595597957622491
"782",-3.43444505338672,0.0398639021240226
"783",-8.05438671209021,-0.719236518761687
"784",0.46451225361666,0.746747160432359
"785",-5.89499306431127,-1.80226388293292
"786",-2.36600063327559,-1.18620545449483
"787",2.22526840223358,-0.433932624118454
"788",-4.24286130609658,-0.846364906974697
"789",-3.48244537018053,-0.125259794869304
"790",-0.595853812910252,0.355130737665389
"791",-1.06424573919224,-1.0186210119423
"792",0.713555865085598,-0.539310484785231
"793",-0.691051354525599,0.0663740676963062
"794",-0.935793819297098,-0.471234698603232
"795",-1.40412979657497,-0.951473676299389
"796",3.2022190623615,1.26696438727976
"797",-2.11209219884614,-1.82901925969353
"798",3.39575135315681,-0.97120251054565
"799",-4.8631929676073,-1.98151766925438
"800",-5.83722982511185,-0.718804157734527
"801",0.193641313437835,-2.1908053548699
"802",2.57874183197459,2.25551124360594
"803",-4.76432988028779,-0.688040056213151
"804",0.479854575509616,0.873284300710658
"805",3.69162346237108,-1.48930535091258
"806",-2.94356655829004,-0.321466882517327
"807",-0.633487934128836,1.06445716416331
"808",0.60424495401612,-0.000844168916558113
"809",2.5087612007148,-2.04331169995713
"810",2.07237422274614,0.527665515665449
"811",2.73383457846828,0.0887434459009806
"812",-4.31736374225917,-0.888370234387512
"813",-0.372544853562418,0.491864541552883
"814",4.02670548571467,-1.36624114353084
"815",0.0241091334887077,0.698954461260566
"816",1.99835722624355,-0.201203176806914
"817",5.29035055641462,2.17645586104457
"818",-7.34171618013194,-2.79902192051905
"819",0.0483908687246043,-0.44308630365599
"820",-8.20044920172496,-4.06191407595519
"821",0.135783168225606,-0.348124823237472
"822",3.18398622543735,0.565001876398198
"823",-4.85338387150132,-1.4041855112765
"824",-2.64973686238434,-0.609173053350695
"825",-3.37329900933252,-3.16802710112098
"826",1.81350898295988,0.64743206618671
"827",-4.20269800855536,-2.66655570714999
"828",-2.94903880237395,0.325061049746857
"829",-1.34550265684289,0.0972046957587281
"830",0.584283975973306,-0.864538387557879
"831",-4.42016012544301,-2.34188461878983
"832",0.178096095768305,-0.654451516389745
"833",-0.202325111424732,0.654807306815814
"834",3.8489925018618,0.385406391785281
"835",1.23691009110498,0.100562874779278
"836",-1.22692779512588,-0.962442047872342
"837",-1.10475663621414,-0.466781181391128
"838",1.59018300262659,2.19359021100996
"839",-0.573078262330035,1.0008429868739
"840",-0.0353290541387791,1.73848508643424
"841",-3.24039058255846,-1.02114860945451
"842",1.231160528735,2.55494642930664
"843",3.22995688409449,0.944468584366865
"844",-3.21931130473186,-1.75067590549278
"845",-2.35886737476606,-0.833061551433411
"846",-1.93851639769225,-0.391317372417277
"847",-4.43849713697043,-0.511577930106303
"848",-1.0300270347801,1.97146855660908
"849",0.300601319505926,1.78667323898115
"850",1.52903194643026,-0.730828651226374
"851",1.6140042671362,1.73709389214873
"852",2.23024935715609,1.16551943306451
"853",-0.0390192967424288,-1.02220910968762
"854",3.57755021371349,2.04285832299679
"855",1.82207341612702,1.6059291387277
"856",-1.59464174081839,0.73547565018019
"857",-0.301553395604248,0.116984720487759
"858",2.31060604375778,-0.150148771385288
"859",0.820474203407522,0.838941121804132
"860",-3.4893240032462,-0.88805948128727
"861",0.125414817358843,-0.701926303596787
"862",0.667594381512654,-0.0415197833335404
"863",3.92157992859324,2.52514860710537
"864",3.01650322582805,1.57502153053786
"865",-5.27637048432577,-1.66827403364835
"866",-2.42201108239667,-1.35234467202447
"867",-3.79412209745867,-0.960647348891583
"868",-3.08913945771222,-0.829230274359235
"869",-0.785608753031192,1.2262326545445
"870",2.01727536556166,-1.50273875795925
"871",-0.33891654749703,0.134575570723807
"872",-1.29406255520704,-1.53570059496859
"873",0.711534960203281,0.534600713122278
"874",-4.76812314270158,-2.87058093609321
"875",0.288354605102619,0.418965702034017
"876",2.40675010679587,2.37009613971646
"877",-0.512370229673359,-1.20560963708418
"878",-0.765307462564603,-0.685783315276513
"879",1.73495413213332,0.245582979664013
"880",2.07650883922884,-0.268214062851568
"881",0.184767975552525,0.850075724794963
"882",-1.68225988822431,0.632944080869184
"883",1.03201562232576,2.24690308310403
"884",1.30913989534614,0.370651999272958
"885",2.81454494244205,0.604541492386198
"886",-2.7352595916898,-1.04780614459769
"887",0.805258051253014,0.929829225314324
"888",-5.97489940988756,-0.892121592391534
"889",1.04906196231603,0.303888349346776
"890",-3.89016706953073,-1.45453219492425
"891",-6.51622795626653,-2.35954998953227
"892",3.0545733770905,2.74903585474223
"893",0.404195027696168,-0.535273921140108
"894",-3.82969659287072,-1.94374508204888
"895",-3.99489363423454,-0.215921585074166
"896",0.331716737980017,0.49050366090775
"897",-0.0182366868697103,-0.647723238334077
"898",-1.89488519272464,-0.270545312959516
"899",-1.50716908368744,-0.991582746473231
"900",-1.56904091312769,-1.6460200922711
"901",-3.12548363229444,-1.17281987840098
"902",-1.54685071835461,-0.849791576116544
"903",1.26318674041274,0.11556113968123
"904",5.06627748213084,3.08971956110795
"905",2.66244105039119,-0.466460358630613
"906",-5.43310379922061,-2.51535040702658
"907",6.35037842188396,4.5623438249596
"908",-2.41303079902816,-1.33600484465704
"909",3.08583161853376,-0.206888606027448
"910",-1.34999352255001,-1.126935330714
"911",-1.4976667089064,-0.841032745444595
"912",-1.63921212405859,-1.00124240043881
"913",1.72672614400352,0.929266973603455
"914",4.45380216243448,0.436411274045225
"915",1.85905643873741,0.966526913492457
"916",-1.53224552469994,-1.27100689115839
"917",-3.76111681152853,0.515579331683485
"918",0.618283475963004,0.868232707728425
"919",-0.36143911579259,0.294161367058996
"920",-0.368552165489603,-0.186406252138157
"921",1.06677355553099,1.52314936917442
"922",-7.00618812352507,-0.278431122472496
"923",-1.99405437011904,-0.144686967056999
"924",0.742349571082974,-0.153257372289351
"925",-7.64091566243357,-4.21098794742963
"926",-3.42766192237086,0.133547326039049
"927",-2.02323910851578,-0.542504382252892
"928",1.07740840574628,-0.394328587055061
"929",8.41048711565766,2.3671639323666
"930",8.85178471621525,2.376707312772
"931",2.38735683377549,1.77507868541382
"932",-2.12105100039941,-0.0524191750246138
"933",2.83693090726076,1.99145999277427
"934",-1.8694019234224,1.48042096360864
"935",1.61564060297103,0.860563943679809
"936",-2.39288522055386,-0.681598284283351
"937",-1.31195127897239,-1.20043660938781
"938",1.51926938972912,1.68715968270706
"939",-2.18373786694348,-0.610502168471844
"940",-9.69490800344648,-2.5451913263518
"941",5.76389124365389,2.5066486212376
"942",-1.82307550893661,0.635954573608146
"943",-0.108910034464584,0.160925670138742
"944",-1.12446289984232,0.466262218970339
"945",3.3241245033456,-0.32980176966766
"946",-2.61966251658513,-0.256159058507329
"947",3.0208499130924,-0.258621982590831
"948",-1.58976569371175,-1.70110979299998
"949",2.58941714734997,-0.762555447950794
"950",-0.100561106988071,1.37518234382421
"951",1.50640779129432,-0.928473447728655
"952",0.288582095571681,-0.0511745874358907
"953",1.72737845454958,0.363963900394633
"954",3.26667989184629,-0.30565195639295
"955",-0.319779592182039,-1.04369542066004
"956",-7.1025931558301,-2.01592118831497
"957",1.98275238212294,0.286500770417132
"958",4.12949827607032,1.97049018524894
"959",-0.313873590562426,0.811761155775227
"960",2.18640446456992,0.842322442443913
"961",-1.60920169116011,2.02721778732844
"962",-4.10182423158573,-0.880041280118641
"963",-4.15986973854888,-2.47275518846847
"964",-5.49680674925468,-1.5429927614219
"965",3.57291752281601,1.15676038083195
"966",-1.96569745733363,-0.503037091695279
"967",0.702886610431633,2.15387885835535
"968",-3.80497517017814,-1.68971626871977
"969",-4.20159471341906,-1.23604141933019
"970",-0.736915187480843,-0.11003213623265
"971",0.891213403956088,0.220663858073328
"972",4.31477505561728,-1.2989897005907
"973",-1.48702078720031,-2.04983165766301
"974",-3.07516036817177,-0.259958642875793
"975",2.69823168910136,0.157998350110474
"976",1.70620873852276,-0.487257993872789
"977",0.213449900876646,-0.389707773994131
"978",-1.88072566915482,-1.82844751692361
"979",1.304444575607,1.69851793237234
"980",4.10875310312715,0.701073675512419
"981",2.00533393928549,1.41873829663953
"982",2.46853348469765,1.83230311071907
"983",5.79821667057372,0.953813012091174
"984",1.75403055200662,-1.03304361840621
"985",-0.469978877855608,1.23045084127692
"986",-3.06011503812115,-1.51648014201164
"987",0.857652526866797,1.93926185343256
"988",-1.28978568777798,-2.78677750364025
"989",3.26785420451217,1.84182691348808
"990",-2.95814964786597,0.400026836637106
"991",-1.18621647167415,-0.308596402016987
"992",-2.3118813142695,-1.13616326126271
"993",0.23830250208652,0.206884251918661
"994",-2.2831976247293,0.778124902497161
"995",-3.93408529598795,-0.541518884328994
"996",-2.76631938961602,-3.81302181749863
"997",-5.43993098148551,-0.591248332861115
"998",1.51550971608322,0.690849200425463
"999",2.40316691345516,0.791025476910231
"1000",4.95071384751958,2.48221682320296
